{
  "accuracy": 0.9824561403508771,
  "precision": 0.9829302987197724,
  "recall": 0.9824561403508771,
  "f1_score": 0.9823623542652152,
  "precision_macro": 0.9864864864864865,
  "recall_macro": 0.9761904761904762,
  "f1_score_macro": 0.9809555629802873,
  "precision_binary": 1.0,
  "recall_binary": 0.9523809523809523,
  "f1_score_binary": 0.975609756097561
}