{
"timestamp": "2025-06-17T19:12:38.595273",
"test_samples": 114,
"basic_metrics": {
"accuracy": 0.9736842105263158,
"precision": 0.9737105878629081,
"recall": 0.9736842105263158,
"f1_score": 0.9736164257756981,
"precision_macro": 0.9741062479117941,
"recall_macro": 0.9692460317460317,
"f1_score_macro": 0.9715828832571666,
"precision_binary": 0.975609756097561,
"recall_binary": 0.9523809523809523,
"f1_score_binary": 0.963855421686747
},
"probabilistic_metrics": {
"roc_auc": 0.996031746031746,
"roc_curve": {
"fpr": [
0.0,
0.0,
0.0,
0.013888888888888888,
0.013888888888888888,
0.1388888888888889,
0.1388888888888889,
1.0
],
"tpr": [
0.0,
0.023809523809523808,
0.9285714285714286,
0.9285714285714286,
0.9761904761904762,
0.9761904761904762,
1.0,
1.0
]
},
"precision_recall_curve": {
"precision": [
0.3684210526315789,
0.37168141592920356,
0.375,
0.3783783783783784,
0.38181818181818183,
0.3853211009174312,
0.3888888888888889,
0.3925233644859813,
0.39622641509433965,
0.4,
0.40384615384615385,
0.4077669902912621,
0.4117647058823529,
0.4158415841584158,
0.42,
0.42424242424242425,
0.42857142857142855,
0.4329896907216495,
0.4375,
0.4421052631578947,
0.44680851063829785,
0.45161290322580644,
0.45652173913043476,
0.46153846153846156,
0.4666666666666667,
0.47191011235955055,
0.4772727272727273,
0.4827586206896552,
0.4883720930232558,
0.49411764705882355,
0.5,
0.5060240963855421,
0.5121951219512195,
0.5185185185185185,
0.525,
0.5316455696202531,
0.5384615384615384,
0.5454545454545454,
0.5526315789473685,
0.56,
0.5675675675675675,
0.5753424657534246,
0.5833333333333334,
0.5915492957746479,
0.6,
0.6086956521739131,
0.6176470588235294,
0.6268656716417911,
0.6363636363636364,
0.6461538461538462,
0.65625,
0.6666666666666666,
0.6774193548387096,
0.6885245901639344,
0.7,
0.711864406779661,
0.7241379310344828,
0.7368421052631579,
0.75,
0.7636363636363637,
0.7777777777777778,
0.7924528301886793,
0.8076923076923077,
0.803921568627451,
0.82,
0.8367346938775511,
0.8541666666666666,
0.8723404255319149,
0.8913043478260869,
0.9111111111111111,
0.9318181818181818,
0.9534883720930233,
0.9761904761904762,
0.975609756097561,
0.975,
1.0,
1.0,
1.0,
1.0,
1.0,
1.0,
1.0,
1.0,
1.0,
1.0,
1.0,
1.0,
1.0,
1.0,
1.0,
1.0,
1.0,
1.0,
1.0,
1.0,
1.0,
1.0,
1.0,
1.0,
1.0,
1.0,
1.0,
1.0,
1.0,
1.0,
1.0,
1.0,
1.0,
1.0,
1.0,
1.0,
1.0,
1.0,
1.0,
1.0
],
"recall": [
1.0,
1.0,
1.0,
1.0,
1.0,
1.0,
1.0,
1.0,
1.0,
1.0,
1.0,
1.0,
1.0,
1.0,
1.0,
1.0,
1.0,
1.0,
1.0,
1.0,
1.0,
1.0,
1.0,
1.0,
1.0,
1.0,
1.0,
1.0,
1.0,
1.0,
1.0,
1.0,
1.0,
1.0,
1.0,
1.0,
1.0,
1.0,
1.0,
1.0,
1.0,
1.0,
1.0,
1.0,
1.0,
1.0,
1.0,
1.0,
1.0,
1.0,
1.0,
1.0,
1.0,
1.0,
1.0,
1.0,
1.0,
1.0,
1.0,
1.0,
1.0,
1.0,
1.0,
0.9761904761904762,
0.9761904761904762,
0.9761904761904762,
0.9761904761904762,
0.9761904761904762,
0.9761904761904762,
0.9761904761904762,
0.9761904761904762,
0.9761904761904762,
0.9761904761904762,
0.9523809523809523,
0.9285714285714286,
0.9285714285714286,
0.9047619047619048,
0.8809523809523809,
0.8571428571428571,
0.8333333333333334,
0.8095238095238095,
0.7857142857142857,
0.7619047619047619,
0.7380952380952381,
0.7142857142857143,
0.6904761904761905,
0.6666666666666666,
0.6428571428571429,
0.6190476190476191,
0.5952380952380952,
0.5714285714285714,
0.5476190476190477,
0.5238095238095238,
0.5,
0.47619047619047616,
0.4523809523809524,
0.42857142857142855,
0.40476190476190477,
0.38095238095238093,
0.35714285714285715,
0.3333333333333333,
0.30952380952380953,
0.2857142857142857,
0.2619047619047619,
0.23809523809523808,
0.21428571428571427,
0.19047619047619047,
0.16666666666666666,
0.14285714285714285,
0.11904761904761904,
0.09523809523809523,
0.07142857142857142,
0.047619047619047616,
0.023809523809523808,
0.0
]
}
},
"confusion_matrix_data": {
"confusion_matrix": [
[
71,
1
],
[
2,
40
]
],
"confusion_matrix_normalized": [
[
0.9861111111111112,
0.013888888888888888
],
[
0.047619047619047616,
0.9523809523809523
]
],
"classification_report": {
"0": {
"precision": 0.9726027397260274,
"recall": 0.9861111111111112,
"f1-score": 0.9793103448275862,
"support": 72.0
},
"1": {
"precision": 0.975609756097561,
"recall": 0.9523809523809523,
"f1-score": 0.963855421686747,
"support": 42.0
},
"accuracy": 0.9736842105263158,
"macro avg": {
"precision": 0.9741062479117941,
"recall": 0.9692460317460317,
"f1-score": 0.9715828832571666,
"support": 114.0
},
"weighted avg": {
"precision": 0.9737105878629081,
"recall": 0.9736842105263158,
"f1-score": 0.9736164257756981,
"support": 114.0
}
},
"true_negatives": 71,
"false_positives": 1,
"false_negatives": 2,
"true_positives": 40,
"sensitivity": 0.9523809523809523,
"specificity": 0.9861111111111112,
"false_positive_rate": 0.013888888888888888,
"false_negative_rate": 0.047619047619047616
}
}