{
"timestamp": "2025-06-17T05:38:18.595115",
"model_type": "LogisticRegression",
"metrics": {
"accuracy": 0.9736842105263158,
"precision": 0.9737105878629081,
"recall": 0.9736842105263158,
"f1_score": 0.9736164257756981,
"precision_macro": 0.9741062479117941,
"recall_macro": 0.9692460317460317,
"f1_score_macro": 0.9715828832571666,
"precision_binary": 0.975609756097561,
"recall_binary": 0.9523809523809523,
"f1_score_binary": 0.963855421686747
},
"data_shape": [
569,
32
],
"train_shape": [
455,
30
],
"test_shape": [
114,
30
]
}